"","id","CO2","N2O","CH4","R.CO2","R.N2O","R.CH"
"1",4,10.3158063524913,-6.77016275722679,-0.000274563561441424,0.996352134229267,0.717241314624448,0.015619192431153
"2",5,3.11621864972886,-0.243897261699061,-0.000903323191478029,0.95013506366617,0.00375585547103306,0.35551236761828
"3",6,13.5593608605162,1.19117209513163,-0.000893423967025506,0.98443512878092,0.0109329343993488,0.0798476480823953
"4",7,14.0301573802779,4.94956933550655,-0.000546170964787213,0.990735216184,0.202373664013699,0.0267861105299563
